"nid"	"departamento_code"	"departamento_name"	"id"	"municipio_name"	"km2"	"habtotkm2"	"habrurkm2"	"pob2012"	"pob2012ur"	"pob2012ru"	"municipio_capital_name"	"ppl_code"	"lat"	"lon"	"dms_lat"	"dms_lon"	"asnm"	"pob2008u"	"pob2008r"	"pob2008t"	"pob2009u"	"pob2009r"	"pob2009t"	"image_file_name"
1	5	Nueva Segovia 	505	Jalapa 	686.88	93.7849406	48.62712555	64419	31018	33401	Jalapa	0	13.91666667	-86.11666667	135500	-860700	679	29034	32429	61463	29945	32244	62189	MaPJalapa.jpeg
2	5	Nueva Segovia 	510	Murra 	429.13	39.89001002	36.1778482	17118	1593	15525	Murra	0	13.75	-86.01666667	134500	-860100	750	1498	14813	16311	1537	14970	16507	MaPMurra.jpeg
3	5	Nueva Segovia 	515	El Jícaro 	428.78	71.01310695	51.78413172	30449	8245	22204	El Jícaro	0	13.71666667	-86.13333333	134300	-860800	580	7484	20450	27934	7625	20531	28156	MaPElJicaro.jpeg
4	5	Nueva Segovia 	520	San Fernando 	236	43.6059322	22.09322034	10291	5077	5214	San Fernando	0	13.66666667	-86.31666667	134000	-861900	729	4704	4781	9485	4758	4886	9644	MaPSFernando.jpeg
5	5	Nueva Segovia 	525	Mozonte 	218	36.17431193	26.6146789	7886	2084	5802	Mozonte	0	13.65	-86.43333333	133900	-862600	693	1975	5494	7469	2000	5565	7565	MaPMoznte.jpeg
6	5	Nueva Segovia 	530	Dipilto 	104.9	57.25452812	54.32793136	6006	307	5699	Dipilto	0	13.71666667	-86.5	134300	-863000	882	262	5404	5666	294	5449	5743	MaPDipilto.jpeg
7	5	Nueva Segovia 	535	Macuelizo 	254.59	25.8061982	24.43929455	6570	348	6222	Macuelizo	0	13.65	-86.6	133900	-863600	700	314	6040	6354	340	6077	6417	MaPMacuelizo.jpeg
8	5	Nueva Segovia 	540	Santa María 	157.53	30.17203072	26.23627246	4753	620	4133	Santa María	0	13.73333333	-86.7	134400	-864200	770	594	4021	4615	608	4050	4658	MaPSantaMaria.jpeg
9	5	Nueva Segovia 	545	Ocotal 	85.23	491.3176112	27.50205327	41875	39531	2344	Ocotal	0	13.63333333	-86.46666667	133800	-862800	605	37391	1814	39205	37549	2226	39775	MaPOcotal.jpeg
10	5	Nueva Segovia 	550	Ciudad Antigua 	147.22	39.32889553	27.16342888	5790	1791	3999	Ciudad Antigua	0	13.63333333	-86.3	133800	-861800	640	1647	3714	5361	1685	3762	5447	MaPCiudadAntigua.jpeg
11	5	Nueva Segovia 	555	Quilalí 	345.02	88.16300504	63.4890731	30418	8513	21905	Quilalí	0	13.56666667	-86.01666667	133400	-860100	430	8031	21000	29031	8221	21153	29374	MaPQuilali.jpeg
12	5	Nueva Segovia 	560	Wiwilí de Nueva Segovia 	398	43.81658291	33.70854271	17439	4023	13416	Wiwilí	0	13.61666667	-86.81666667	133700	-864900	300	3849	13208	17057	3968	13230	17198	MaPWiwiliNS.jpeg
13	10	Jinotega 	1005	Wiwilí de Jinotega 	2370.08	30.3124789	26.29615878	71843	9519	62324	Wiwilí de Jinotega 	0	13.61666667	-85.81666667	133700	-854900	295	8216	56092	64308	8742	57236	65978	MaPWiwiliJinotega.jpeg
14	10	Jinotega 	1010	El Cuá 	636.91	89.33287278	80.08352829	56897	5891	51006	El Cuá	0	13.36666667	-85.66666667	132200	-854000	600	4939	45709	50648	5385	46619	52004	MaPElCua.jpg
15	10	Jinotega 	1012	San José de Bocay 	3990.4	13.69887731	12.15442061	54664	6163	48501	San José de Bocay	0	13.53333333	-85.53333333	133200	-853200	300	5195	43466	48661	5634	44330	49964	MaPSanJoseBocay.jpeg
16	10	Jinotega 	1015	Santa María de Pantasma 	559.95	89.39548174	77.32476114	50057	6759	43298	Pantasma	0	13.35	-85.93333333	132100	-855600	420	5484	35841	41325	5683	36399	42082	MaPStMPantas.jpeg
17	10	Jinotega 	1020	San Rafael del Norte 	232.84	88.99673596	64.54646968	20722	5693	15029	San Rafael del Norte	0	13.2	-86.1	131200	-860600	1078	5371	14178	19549	5470	14437	19907	MaPSRafaelN.jpeg
18	10	Jinotega 	1025	San Sebastián de Yalí 	400.86	80.92850372	67.01591578	32441	5577	26864	San Sebastián de Yalí	0	13.3	-86.18333333	131800	-861100	851	5107	24966	30073	5278	25422	30700	MaPSSebastYali.jpeg
19	10	Jinotega 	1030	La Concordia 	151.02	47.67580453	37.13415442	7200	1592	5608	La Concordia	0	13.18333333	-86.16666667	131100	-861000	899	1566	5473	7039	1577	5554	7131	MaPConcordia.jpeg
20	10	Jinotega 	1035	Jinotega 	880.34	140.3412318	83.62678056	123548	49928	73620	Jinotega	0	13.08333333	-86	130500	-860000	1003	46403	68127	114530	47249	69669	116918	MaPJinotega.jpeg
21	20	Madriz 	2005	Somoto 	466.18	80.95799906	37.66785362	37741	20181	17560	Somoto	0	13.48333333	-86.58333333	132900	-863500	700	19654	17138	36792	19849	17271	37120	MaPSomoto.jpeg
22	20	Madriz 	2010	Totogalpa 	133.13	106.339668	88.29715316	14157	2402	11755	Totogalpa	0	13.55	-86.48333333	133300	-862900	660	2171	11039	13210	2276	11135	13411	MaPTotogalpa.jpeg
23	20	Madriz 	2015	Telpaneca 	353.28	61.9678442	48.38088768	21892	4800	17092	Telpaneca	0	13.51666667	-86.28333333	133100	-861700	500	4488	16402	20890	4636	16504	21140	MaPTelpaneca.jpeg
24	20	Madriz 	2020	San Juan de Río Coco	181.65	165.5931737	112.7993394	30080	9590	20490	San Juan de Río Coco	0	13.53333333	-86.16666667	133200	-861000	840	7494	16183	23677	7673	16394	24067	MaPSJRioCoco.jpeg
25	20	Madriz 	2025	Palacagüna 	156.53	95.84744139	63.45109564	15003	5071	9932	Palacagüna	0	13.45	-86.4	132700	-862400	560	4862	9632	14494	4949	9693	14642	MaPPalacaguina.jpeg
26	20	Madriz 	2030	Yalagüna 	70.92	163.3530739	133.6858432	11585	2104	9481	Yalagüna	0	13.48333333	-86.5	132900	-863000	694	1946	8959	10905	2009	9048	11057	MaPYalaguina.jpeg
27	20	Madriz 	2035	San Lucas 	152.08	97.84981589	80.97054182	14881	2567	12314	SanLucas	0	13.4	-86.6	132400	-863600	790	2423	11832	14255	2488	11930	14418	MaPSLucas.jpeg
28	20	Madriz 	2040	Las Sabanas 	64.54	75.85993183	58.98667493	4896	1089	3807	Las Sabanas	0	13.33333333	-86.61666667	132000	-863700	1260	1046	3684	4730	1063	3715	4778	MaPLSabana.jpeg
29	20	Madriz 	2045	San José de Cusmapa 	129.92	59.92149015	47.30603448	7785	1639	6146	San José de Cusmapa	0	13.28333333	-86.65	131700	-863900	1280	1559	5964	7523	1601	5999	7600	MaPSJCusmapa.jpeg
30	25	Estelí 	2505	Pueblo Nuevo 	202.62	115.5364722	95.25219623	23410	4110	19300	Pueblo Nuevo	0	13.36666667	-86.48333333	132200	-862900	606	3990	19044	23034	4063	19079	23142	MaPPuebloNuevo.jpeg
31	25	Estelí 	2510	Condega	370.84	81.72527235	52.80174738	30307	10726	19581	Condega	0	13.35	-86.38333333	132100	-862300	560	10545	19422	29967	10648	19438	30086	MaPCondega.jpeg
32	25	Estelí 	2515	Estelí 	795.67	154.4911835	28.28685259	122924	100417	22507	Estelí	0	13.08333333	-86.35	130500	-862100	843	98116	22538	120654	99061	22203	121264	MaPEsteli.jpeg
33	25	Estelí 	2520	San Juan de Limay 	427.57	34.36630259	24.62052997	14694	4167	10527	San Juan de Limay	0	13.16666667	-86.6	131000	-863600	281	3976	10196	14172	4050	10229	14279	MaPSnJLimay.jpeg
34	25	Estelí 	2525	La Trinidad 	269.99	81.32523427	36.46060965	21957	12113	9844	La Trinidad	0	12.96666667	-86.23333333	125800	-861400	601	11744	9620	21364	11861	9638	21499	MaPLaTrinidad.jpeg
35	25	Estelí 	2530	San Nicolás 	163	45.46625767	40.35582822	7411	833	6578	San Nicolás	0	12.91666667	-86.35	125500	-862100	985	776	6496	7272	822	6487	7309	MaPSNicolas.jpeg
36	30	Chinandega 	3005	San Pedro del Norte 	71.5	70.76923077	60.25174825	5060	752	4308	San Pedro del Norte	0	13.26666667	-86.86666667	131600	-865200	500	727	4249	4976	743	4252	4995	MaPSPedroNor.jpeg
37	30	Chinandega 	3010	San Francisco del Norte 	120.31	59.60435542	50.80209459	7171	1059	6112	San Francisco del Norte	0	13.2	-86.76666667	131200	-864600	396	1013	6006	7019	1042	6008	7050	MaPSnFcoNorte.jpeg
38	30	Chinandega 	3015	Cinco Pinos 	60.38	117.5057966	95.34614111	7095	1338	5757	Cinco Pinos	0	13.21666667	-86.86666667	131300	-865200	400	1289	5656	6945	1316	5660	6976	MaPCincoPinos.jpeg
39	30	Chinandega 	3020	Santo Tomás del Norte 	39.99	203.5508877	165.3163291	8140	1529	6611	Santo Tomás del Norte	0	13.18333333	-86.91666667	131100	-865500	180	1468	6500	7968	1504	6499	8003	MaPSTomasNorte.jpeg
40	30	Chinandega 	3025	El Viejo 	1274.91	67.70438698	31.71282679	86317	45886	40431	El Viejo	0	12.66666667	-87.16666667	124000	-871000	43	44731	40152	84883	45294	39908	85202	MaPElViejo.jpeg
41	30	Chinandega 	3030	Puerto Morazán	517.34	29.94162446	16.14025592	15490	7140	8350	Tonalá	0	12.76666667	-87.13333333	124600	-870800	10	6856	8112	14968	6943	8119	15062	MaPPuertoMorazan.jpeg
42	30	Chinandega 	3035	Somotillo 	724.71	44.51711719	22.82154241	32262	15723	16539	Somotillo	0	13.03333333	-86.9	130200	-865400	40	15114	16335	31449	15404	16203	31607	MaPSomotillo.jpeg
43	30	Chinandega 	3040	Villanueva 	779.88	39.05857311	26.62332667	30461	9698	20763	Villanueva	0	12.96666667	-86.81666667	125800	-864900	60	8625	18837	27462	8776	18789	27565	MaPVillanueva.jpeg
44	30	Chinandega 	3045	Chinandega 	686.61	194.2310773	38.1628581	133361	107158	26203	Chinandega	0	12.61666667	-87.11666667	123700	-870700	70	105941	26450	132391	106635	26075	132710	MaPChinandega.jpeg
45	30	Chinandega 	3050	El Realejo 	104.54	93.52400995	50.39219438	9777	4509	5268	El Realejo	0	12.53333333	-87.16666667	123200	-871000	7	4388	5183	9571	4434	5180	9614	MaPElRealejo.jpeg
46	30	Chinandega 	3055	Corinto 	70.67	255.2143767	0	18036	18036	0	Corinto	0	12.48333333	-87.16666667	122900	-871000	2	17730	0	17730	17797	0	17797	MaPCorinto.jpeg
47	30	Chinandega 	3060	Chichigalpa 	222.54	229.9227105	49.82475061	51167	40079	11088	Chichigalpa	0	12.56666667	-87.01666667	123400	-870100	85	36107	10185	46292	36348	10055	46403	MaPChicgigalpa.jpeg
48	30	Chinandega 	3065	Posoltega 	149.04	125.6374128	80.53542673	18725	6722	12003	Posoltega	0	12.55	-86.98333333	123300	-865900	70	6507	11823	18330	6610	11801	18411	MaPPosoltega.jpeg
49	35	Leín 	3505	Achuapa 	416.24	35.5179704	29.30761099	14784	2585	12199	Achuapa	0	13.05	-86.58333333	130300	-863500	330	2505	12129	14634	2567	12109	14676	MaPAchuapa.jpeg
50	35	Leín 	3510	El Sauce 	692.97	44.42472257	31.42415978	30785	9009	21776	El Sauce	0	12.88333333	-86.53333333	125300	-863200	163	8701	21560	30261	8890	21488	30378	MaPElSauce.jpeg
51	35	Leín 	3515	Santa Rosa del PeÌ±ín 	227.6	46.89806678	36.52460457	10674	2361	8313	Santa Rosa del PeÌ±ín	0	12.8	-86.36666667	124800	-862200	180	2265	8301	10566	2344	8252	10596	MaPStaRPeÌ±on.jpeg
52	35	Leín 	3520	El Jicaral 	431.48	26.73820339	24.42755168	11537	997	10540	El Jicaral	0	12.71666667	-86.36666667	124300	-862200	115	955	10465	11420	990	10463	11453	MaPElJicaral.jpeg
53	35	Leín 	3525	Larreynaga 	780.22	41.15634052	24.08423265	32111	13320	18791	Malpaisillo	0	12.66666667	-86.56666667	124000	-863400	92	13042	18567	31609	13160	18565	31725	MaPLarreynaga.jpeg
54	35	Leín 	3530	Telica 	393.67	64.87413316	44.5627048	25539	7996	17543	Telica	0	12.51666667	-86.85	123100	-865100	119	7800	17481	25281	7938	17415	25353	MaPTelica.jpeg
55	35	Leín 	3535	Quezalguaque 	85.7	111.0268378	93.73395566	9515	1482	8033	Quezalguaque	0	12.5	-86.9	123000	-865400	90	1431	7939	9370	1465	7939	9404	MaPQuezalguaque.jpeg
56	35	Leín 	3540	Leín 	820.19	245.1870908	46.08078616	201100	163305	37795	Leín	0	12.43333333	-86.88333333	122600	-865300	109	155197	36414	191611	156049	36115	192164	MaPLeín.jpeg
57	35	Leín 	3545	La Paz Centro 	691.57	45.72639068	14.0998019	31623	21872	9751	La Paz Centro 	0	12.33333333	-86.66666667	122000	-864000	67	21545	9758	31303	21713	9680	31393	MaPLaPazCentro.jpeg
58	35	Leín 	3550	Nagarote 	598.39	61.50336737	23.23568241	36803	22899	13904	Nagarote	0	12.25	-86.55	121500	-863300	75	22305	13734	36039	22523	13675	36198	MaPNagarote.jpeg
59	40	Matagalpa 	4005	Rancho Grande 	598.23	56.24258228	51.15925313	33646	3041	30605	Rancho Grande	0	13.23333333	-85.55	131400	-853300	600	2501	27574	30075	2776	27933	30709	MaPRanchoGrande.jpeg
60	40	Matagalpa 	4010	Río Blanco 	662.51	51.95695159	28.67730298	34422	15423	18999	Río Blanco	0	12.93333333	-85.21666667	125600	-851300	269	14861	18592	33453	15124	18629	33753	MaPRíoBlanco.jpeg
61	40	Matagalpa 	4015	El Tuma - La Dalia 	651.66	103.5969677	88.41880735	67510	9891	57619	La Dalia	0	13.13333333	-85.73333333	130800	-854400	720	9265	54334	63599	9444	55010	64454	MaPTumaLaDalia.jpeg
62	40	Matagalpa 	4020	San Isidro 	282.7	67.8634595	35.8224266	19185	9058	10127	San Isidro	0	12.91666667	-86.18333333	125500	-861100	477	8813	9832	18645	8882	9930	18812	MaPSIsidro.jpeg
63	40	Matagalpa 	4025	Sébaco 	289.81	121.8764018	35.41975777	35321	25056	10265	Sébaco	0	12.85	-86.1	125100	-860600	469	24088	9774	33862	24283	9948	34231	MaPSebaco.jpeg
64	40	Matagalpa 	4030	Matagalpa 	619.36	243.2236502	88.83040558	150643	95625	55018	Matagalpa	0	12.91666667	-85.91666667	125500	-855500	681	89627	52420	142047	91160	52449	143609	MaPMatagalpa.jpeg
65	40	Matagalpa 	4035	San Ramín 	424	83.66509434	75.55188679	35474	3440	32034	San Ramín	0	12.91666667	-85.83333333	125500	-855000	640	3200	30219	33419	3285	30583	33868	MaPSRamín.jpeg
66	40	Matagalpa 	4040	Matiguás 	1532.25	32.78185675	24.88301517	50230	12103	38127	Matiguás	0	12.83333333	-85.45	125000	-852700	297	10536	34036	44572	10836	34135	44971	MaPMatiguas.jpeg
67	40	Matagalpa 	4045	Muy Muy 	375.06	43.63568496	30.88572495	16366	4782	11584	Muy Muy	0	12.75	-85.61666667	124500	-853700	337	4610	11296	15906	4690	11358	16048	MaPMuyMuy.jpeg
68	40	Matagalpa 	4050	Esquipulas 	218.58	80.37331869	51.92149327	17568	6219	11349	Esquipulas	0	12.66666667	-85.78333333	124000	-854700	520	6050	11024	17074	6099	11128	17227	MaPEsquipulas.jpeg
69	40	Matagalpa 	4055	San Dionisio 	165.5	109.3293051	93.45619335	18094	2627	15467	San Dionisio	0	12.75	-85.85	124500	-855100	380	2515	15070	17585	2576	15166	17742	MaPSDionisio.jpeg
70	40	Matagalpa 	4060	Terrabona 	248.89	55.97251798	47.78817952	13931	2037	11894	Terrabona	0	12.71666667	-85.96666667	124300	-855800	540	1965	11574	13539	1998	11663	13661	MaPTerrabona.jpeg
71	40	Matagalpa 	4065	Ciudad Darío 	735.31	68.03933035	39.35346997	50030	21093	28937	Ciudad Darío	0	12.71666667	-86.11666667	124300	-860700	432	18330	25233	43563	18531	25422	43953	MaPCiudadDario.jpeg
72	50	Boaco 	5005	San José de los Remates 	280.46	29.49083648	22.34899807	8271	2003	6268	San José de los Remates	0	12.58333333	-85.75	123500	-854500	550	1936	6161	8097	1974	6175	8149	MaPSanJRemates.jpeg
73	50	Boaco 	5010	Boaco 	1086.81	53.82357542	31.67342958	58496	24073	34423	Boaco	0	12.46666667	-85.65	122800	-853900	360	23171	33241	56412	23414	33479	56893	MapBoaco.jpeg
74	50	Boaco 	5015	Camoapa 	1483.29	26.12975211	15.42516972	38758	15878	22880	Camoapa	0	12.38333333	-85.5	122300	-853000	520	15461	22522	37983	15658	22561	38219	MaPCamoapa.jpeg
75	50	Boaco 	5020	Santa Lucía 	120.78	73.44759066	54.81867859	8871	2250	6621	Santa Lucía	0	12.53333333	-85.7	123200	-854200	560	2189	6496	8685	2217	6523	8740	MaPSantaLucia.jpeg
76	50	Boaco 	5025	Teustepe 	645.73	46.81832964	39.16962198	30232	4939	25293	Teustepe	0	12.41666667	-85.8	122500	-854800	145	4538	23829	28367	4686	23994	28680	MaPTeustepe.jpeg
77	50	Boaco 	5030	San Lorenzo	559.61	53.70525902	41.25909115	30054	6965	23089	San Lorenzo	0	12.36666667	-85.66666667	122200	-854000	340	5735	19421	25156	5867	19449	25316	MaPSanLorenzo.jpeg
78	55	Managua 	5505	San Francisco Libre 	668.3	16.17537034	12.36271136	10810	2548	8262	San Francisco Libre 	0	12.5	-85.3	123000	-851800	40	2415	8035	10450	2491	8076	10567	MaPSnFcoLibre.jpeg
79	55	Managua 	5510	Tipitapa 	975.3	133.9351994	17.88680406	130627	113182	17445	Tipitapa	0	12.18333333	-86.08333333	121100	-860500	50	103181	16639	119820	105773	16302	122075	MaPTipitapa.jpeg
80	55	Managua 	5515	Mateare 	297.4	141.4694015	14.51244116	42073	37757	4316	Mateare	0	12.23333333	-86.41666667	121400	-862500	50	31630	3791	35421	32785	3747	36532	MaPMateare.jpeg
81	55	Managua 	5520	Villa El Carmen 	562.01	60.09323678	44.6273198	33773	8692	25081	Villa El Carmen 	0	11.96666667	-86.5	115800	-863000	100	8087	23716	31803	8308	23972	32280	MaPVillaElCarmen.jpeg
82	55	Managua 	5522	Ciudad Sandino 	51.11	1994.306398	58.30561534	101929	98949	2980	Ciudad Sandino	0	12.16666667	-86.35	121000	-862100	90	80466	2531	82997	82189	2475	84664	MaPCSandino.jpeg
83	55	Managua 	5525	Managua 	267.17	3850.761687	78.73264214	1028808	1007773	21035	Managua	0	12.15	-86.26666667	120900	-861600	82	971747	22813	994560	985143	20562	1005705	MaPManagua.jpeg
84	55	Managua 	5530	Ticuantepe 	60.79	563.0366837	339.4801777	34227	13590	20637	Ticuantepe	0	12.01666667	-86.2	120100	-861200	290	12136	18714	30850	12512	18998	31510	MaPTicuantepe.jpeg
85	55	Managua 	5532	El Crucero 	225.72	66.60021265	29.61633883	15033	8348	6685	El Crucero	0	11.98333333	-86.3	115900	-861800	860	7974	6533	14507	8149	6524	14673	MaPElCrucero.jpeg
86	55	Managua 	5535	San Rafael del Sur 	357.3	142.7120067	60.61293031	50991	29334	21657	San Rafael del Sur	0	11.83333333	-86.43333333	115000	-862600	123	25572	19336	44908	26157	19311	45468	MaPSRafaelSur.jpeg
87	60	Masaya 	6005	Nindirí 	142.91	350.8361906	187.3346862	50138	23366	26772	Nindirí	0	12	-86.11666667	120000	-860700	220	20904	24062	44966	21356	24469	45825	MaPNindiri.jpeg
88	60	Masaya 	6010	Masaya 	146.62	1136.188787	349.6521621	166588	115322	51266	Masaya	0	11.96666667	-86.08333333	115800	-860500	234	108238	48923	157161	110491	49118	159609	MaPMasaya.jpeg
89	60	Masaya 	6015	Tisma 	126.17	95.45058255	60.41055718	12043	4421	7622	Tisma	0	12.06666667	-86.01666667	120400	-860100	50	4309	7450	11759	4363	7521	11884	MaPTisma.jpeg
90	60	Masaya 	6020	La Concepciín 	65.67	597.319933	360.5756053	39226	15547	23679	La Concepciín	0	11.93333333	-86.18333333	115600	-861100	460	14629	22393	37022	14902	22695	37597	MaPLConcepciín.jpeg
91	60	Masaya 	6025	Masatepe 	59.4	611.0606061	297.1548822	36297	18646	17651	Masatepe	0	11.91666667	-86.13333333	115500	-860800	455	17472	16751	34223	17856	16903	34759	MaPMasatepe.jpeg
92	60	Masaya 	6030	Nandasmo 	17.63	749.1208168	493.5904708	13207	4505	8702	Nandasmo	0	11.91666667	-86.11666667	115500	-860700	400	4021	8003	12024	4187	8087	12274	MaPNandasmo.jpeg
93	60	Masaya 	6035	Catarina 	11.49	731.5926893	152.6544822	8406	6652	1754	Catarina	0	11.9	-86.06666667	115400	-860400	520	6357	1715	8072	6471	1706	8177	MaPCatarina.jpeg
94	60	Masaya 	6040	San Juan de Oriente 	9.2	666.4130435	295	6131	3417	2714	San Juan de Oriente	0	11.9	-86.06666667	115400	-860400	495	3008	2382	5390	3082	2447	5529	MaPSnJuanOriente.jpeg
95	60	Masaya 	6045	Niquinohomo 	31.69	511.7702745	247.0810981	16218	8388	7830	Niquinohomo	0	11.9	-86.08333333	115400	-860500	440	8196	7641	15837	8278	7726	16004	MaPNiquinohomo.jpeg
96	65	Chontales 	6505	Comalapa 	643.86	27.31028484	23.86388345	17584	2219	15365	Comalapa	0	12.28333333	-85.5	121700	-853000	270	1686	12841	14527	1898	13141	15039	MaPComalapa.jpeg
97	65	Chontales 	6507	San Francisco de Cuapa 	277	28.66787004	17.00722022	7941	3230	4711	Cuapa	0	12.26666667	-85.38333333	121600	-852300	320	2660	3958	6618	2784	4059	6843	MaPSFcoCuapa.jpeg
98	65	Chontales 	6510	Juigalpa 	726.75	81.93326453	13.96904025	59545	49393	10152	Juigalpa	0	12.1	-85.36666667	120600	-852200	116	47137	9944	57081	47987	9863	57850	MaPJuigalpa.jpeg
99	65	Chontales 	6515	La Libertad 	774.55	17.51855916	9.995481247	13569	5827	7742	La Libertad	0	12.2	-85.16666667	121200	-851000	498	5372	7189	12561	5495	7299	12794	MaPLaLibertad.jpeg
100	65	Chontales 	6520	Santo Domingo 	681.71	20.51312142	12.10485397	13984	5732	8252	Santo Domingo	0	12.25	-85.06666667	121500	-850400	503	5530	8019	13549	5621	8090	13711	MaPStoDomingo.jpeg
101	65	Chontales 	6525	Santo Tomás 	546.6	34.31028174	9.846322722	18754	13372	5382	Santo Tomás	0	12.06666667	-85.08333333	120400	-850500	410	12775	5203	17978	12992	5228	18220	MaPStoTomas.jpeg
102	65	Chontales 	6530	San Pedro del Lívago 	466.5	19.44480171	10.71811361	9071	4071	5000	San Pedro de Lívago	0	12.11666667	-85.11666667	120700	-850700	340	3819	4726	8545	3897	4785	8682	MaPSPedroLov.jpeg
103	65	Chontales 	6535	Acoyapa 	1381.79	14.32345002	7.465678576	19792	9476	10316	Acoyapa	0	11.96666667	-85.16666667	115800	-851000	99	9054	9919	18973	9206	10022	19228	MaPAcoyapa.jpeg
104	65	Chontales 	6540	Villa Sandino 	676.51	21.7129089	10.25262006	14689	7753	6936	Villa Sandino	0	12.03333333	-84.98333333	120200	-845900	306	7465	6720	14185	7580	6781	14361	MaPVillaSandino.jpeg
105	65	Chontales 	6545	El Coral 	306	25.84640523	13.26470588	7909	3850	4059	El Coral	0	11.91666667	-84.65	115500	-843900	180	3694	3944	7638	3765	3968	7733	MaPElCora.jpeg
106	70	Granada 	7005	Diriá 	25.52	275.862069	114.8119122	7040	4110	2930	Diriá	0	11.88333333	-86.05	115300	-860300	364	4010	2891	6901	4059	2892	6951	MaPDiria.jpeg
107	70	Granada 	7010	Diriomo 	50.08	608.5662939	353.534345	30477	12772	17705	Diriomo	0	11.86666667	-86.05	115200	-860300	344	10369	14705	25074	10623	14724	25347	MaPDiriomo.jpeg
108	70	Granada 	7015	Granada 	592.07	208.9229314	46.52321516	123697	96152	27545	Granada	0	11.91666667	-86.95	115500	-865700	60	92135	26684	118819	93299	26727	120026	MaPGranada.jpeg
109	70	Granada 	7020	Nandaime 	372.01	106.924545	55.29152442	39777	19208	20569	Nandaime	0	11.75	-86.05	114500	-860300	140	18505	20041	38546	18780	20109	38889	MaPNandaime.jpeg
110	75	Carazo 	7505	San Marcos 	118.11	267.9874693	91.90585048	31652	20797	10855	San Marcos	0	11.9	-86.2	115400	-861200	552	20152	10535	30687	20328	10610	30938	MaPSanMarcos.jpeg
111	85	Río San Juan 	8515	San Miguelito	1096.59	16.67532989	13.68423932	18286	3280	15006	San Miguelito	0	11.4	-84.9	112400	-845400	44	33330	11283	44613	33577	11408	44985	MaPSanMiguelito.jpeg
112	75	Carazo 	7510	Jinotepe 	280.52	181.1350349	45.93611864	50812	37926	12886	Jinotepe	0	11.85	-86.2	115100	-861200	569	7082	241	7323	7156	264	7420	MaPJinotepe.jpeg
113	75	Carazo 	7515	Dolores 	2.62	2985.496183	106.4885496	7822	7543	279	Dolores	0	11.85	-86.21666667	115100	-861300	583	38235	22484	60719	38795	22422	61217	MaPDolores.jpeg
114	75	Carazo 	7520	Diriamba 	348.88	179.5201789	65.7532676	62631	39691	22940	Diriamba	0	11.85	-86.23333333	115100	-861400	580	3056	2979	6035	3124	3022	6146	MaPDiriamba.jpeg
115	75	Carazo 	7525	El Rosario 	14.08	474.1477273	233.1676136	6676	3393	3283	El Rosario	0	11.83333333	-86.16666667	115000	-861000	470	2645	2463	5108	2679	2483	5162	MaPElRosario.jpeg
116	75	Carazo 	7530	La Paz de Carazo 	15.51	345.2611219	166.0863959	5355	2779	2576	La Paz de Carazo	0	11.81666667	-86.11666667	114900	-860700	396	5362	12315	17677	5488	12293	17781	MaPLaPazCarazo.jpeg
117	75	Carazo 	7535	Santa Teresa 	213.3	84.11626817	58.15752461	17942	5537	12405	Santa Teresa	0	11.8	-86.15	114800	-860900	400	882	3067	3949	892	3080	3972	MaPSantaTeresa.jpeg
118	75	Carazo 	7540	La Conquista 	88.38	45.34962661	35.16632722	4008	900	3108	La Conquista	0	11.73333333	-86.18333333	114400	-861100	180	6241	16633	22874	6363	16591	22954	MapLaConquista.jpeg
119	80	Rivas 	8005	Tola 	476.53	48.55937716	35.099574	23140	6414	16726	Tola	0	11.43333333	-85.93333333	112600	-855600	40	7113	10768	17881	7205	10743	17948	MaPTola.jpeg
120	80	Rivas 	8010	Belén 	246.26	73.58482904	44.04694226	18121	7274	10847	Belén	0	11.5	-85.88333333	113000	-855300	80	5163	7626	12789	5230	7610	12840	MaPBelen.jpeg
121	80	Rivas 	8015	Potosí 	143.59	90.4101957	53.59008287	12982	5287	7695	Potosí	0	11.48333333	-85.85	112900	-855100	63	2346	3284	5630	2373	3274	5647	MaPPotosi.jpeg
122	80	Rivas 	8020	Buenos Aires 	75.22	75.47194895	43.76495613	5677	2385	3292	Buenos Aires	0	11.46666667	-85.81666667	112800	-854900	53	4909	5289	10198	4910	5319	10229	MaPBuenosAires.jpeg
123	80	Rivas 	8025	Moyogalpa 	65.96	155.9126743	81.07944209	10284	4936	5348	Moyogalpa	0	11.53333333	-85.68333333	113200	-854100	60	7635	14084	21719	7697	14115	21812	MaPMoyogalpa.jpeg
124	80	Rivas 	8030	Altagracia 	211.21	104.5783817	67.67671985	22088	7794	14294	Altagracia	0	11.56666667	-85.56666667	113400	-853400	70	7365	1132	8497	7376	1158	8534	MaPAltagracia.jpeg
125	80	Rivas 	8035	San Jorge 	24.83	348.1272654	47.24124043	8644	7471	1173	San Jorge	0	11.45	-85.8	112700	-854800	50	29694	15193	44887	29860	15309	45169	MaPSanJorge.jpeg
126	80	Rivas 	8040	Rivas 	280.54	180.6658587	61.23547444	50684	33505	17179	Rivas	0	11.43333333	-85.81666667	112600	-854900	57	7631	7716	15347	7738	7667	15405	MaPRivas.jpeg
127	80	Rivas 	8045	San Juan del Sur 	411.05	37.83724608	18.83225885	15553	7812	7741	San Juan del Sur	0	11.25	-85.86666667	111500	-855200	3	1069	6248	7317	1111	6234	7345	MaPSanJuanDelSur.jpeg
128	80	Rivas 	8050	Cárdenas 	226.63	32.72294048	27.77655209	7416	1121	6295	Cárdenas	0	11.18333333	-85.5	111100	-853000	40	2101	5126	7227	2129	5173	7302	MaPCardenas.jpeg
129	85	Río San Juan 	8505	Morrito 	678.94	10.87283118	7.703184376	7382	2152	5230	Morrito	0	11.61666667	-85.06666667	113700	-850400	45	3097	11021	14118	3159	11104	14263	MaPMorrito.jpeg
130	85	Río San Juan 	8510	El Almendro 	1009.01	14.29123596	11.126748	14420	3193	11227	El Almendro	0	11.66666667	-84.7	114000	-844200	190	3160	14743	17903	3245	14843	18088	MaPElAlmendro.jpeg
131	85	Río San Juan 	8520	San Carlos 	1444.8	34.93424695	23.3326412	50473	16762	33711	San Carlos	0	11.11666667	-84.76666667	110700	-844600	39	13665	27499	41164	13881	27916	41797	MaPSanCarlos.jpeg
132	85	Río San Juan 	8525	El Castillo 	1654.81	18.21961434	15.33589959	30150	4772	25378	Boca de Sabalos	0	11.03333333	-84.46666667	110200	-842800	50	3678	20052	23730	3867	20564	24431	MaPElCastillo.jpeg
133	85	Río San Juan 	8530	San Juan de Nicaragua	427.57	4.572350726	1.188109549	1955	1447	508	San Juan de Limay	0	13.16666667	-86.6	131000	-863600	281	1201	406	1607	1232	432	1664	MaPSanJuanDeNicaragua.jpeg
134	91	RAAN	9105	Waspán	9341.71	6.135921582	5.124971766	57320	9444	47876	Waspán	0	14.73333333	-83.96666667	144400	-835800	30	8771	45647	54418	9159	46427	55586	MaPWaspam.jpeg
135	91	RAAN	9110	Puerto Cabezas 	5984.81	16.91214926	6.512487447	101216	62240	38976	Bilwi	0	14.01666667	-82.38333333	140100	-822300	10	48968	31041	80009	50761	31787	82548	MaPPtoCabezas.jpeg
136	91	RAAN	9115	Rosita 	2205.42	13.85314362	8.430593719	30552	11959	18593	Rosita	0	13.91666667	-84.4	135500	-842400	60	10695	16826	27521	11087	17237	28324	MaPRosita.jpeg
137	91	RAAN	9120	Bonanza 	1897.94	13.02201334	7.125093522	24715	11192	13523	Bonanza	0	14.01666667	-84.58333333	140100	-843500	180	10024	12239	22263	10376	12537	22913	MaPBonanza.jpeg
138	91	RAAN	9125	Waslala 	1329.51	47.72058879	38.64656904	63445	12064	51381	Waslala	0	13.33333333	-85.36666667	132000	-852200	420	10857	47303	58160	11354	48353	59707	MaPWaslala.jpeg
139	91	RAAN	9127	MulukukÌ¼ 	1904.53	22.06948696	18.55470904	42032	6694	35338	MulukukÌ¼	0	13.16666667	-84.95	131000	-845700	80	5692	30869	36561	6023	31792	37815	MaPMulukuku.jpg
140	91	RAAN	9130	Siuna 	3421.58	29.74356876	24.47378112	101770	18031	83739	Siuna	0	13.73333333	-84.76666667	134400	-844600	200	13935	66321	80256	14726	68389	83115	MaPSiuna.jpeg
141	91	RAAN	9135	Prinzapolka 	7020.48	4.627888691	4.069949633	32490	3917	28573	Prinzapolka	0	13.4	-83.55	132400	-833300	5	2723	20589	23312	2988	21796	24784	MaPPrinzapolka.jpeg
142	93	RAAS	9305	Paiwas 	2088.6	16.9601647	14.43359188	35423	5277	30146	Bocana De Paiwas	0	12.78333333	-85.11666667	124700	-850700	145	4974	29497	34471	5190	29646	34836	MaPPaiwas.jpeg
143	93	RAAS	9310	La Cruz de Río Grande 	3448.52	9.247155301	8.745490819	31889	1730	30159	Grande La Cruz de	0	13.1	-84.18333333	130600	-841100	19	1361	26122	27483	1534	26726	28260	MaPLCruzRGrande.jpeg
144	93	RAAS	9312	Desembocadura de Río Grande 	1738.29	2.22402476	0.686306658	3866	2673	1193	Karawala	0	12.91666667	-83.56666667	125500	-833400	5	2587	1175	3762	2629	1173	3802	MaPDesembocadura.jpeg
145	93	RAAS	9315	Laguna de Perlas 	1963.43	7.38656331	4.00981955	14503	6630	7873	Laguna de Perlas 	0	12.33333333	-83.66666667	122000	-834000	3	5673	6879	12552	5897	7002	12899	MaPLagunaPerlas.jpeg
146	93	RAAS	9316	El Tortuguero 	3403.07	11.16580029	10.05268772	37998	3788	34210	El Tortuguero	0	12.81666667	-84.2	124900	-841200	20	2953	28120	31073	3210	28982	32192	MaPElTortuguero.jpeg
147	93	RAAS	9320	Rama	3752.9	15.25780063	10.39596046	57261	18246	39015	El Rama	0	12.15	-84.21666667	120900	-841300	9	17478	38244	55722	17944	38368	56312	MaPElRama.jpeg
148	93	RAAS	9323	El Ayote 	831	18.77135981	12.12755716	15599	5521	10078	El Ayote	0	12.5	-84.81666667	123000	-844900	130	4943	9225	14168	5118	9342	14460	MaPElAyote.jpeg
149	93	RAAS	9325	Muelle de los Bueyes 	1379.77	17.25360024	10.79382796	23806	8913	14893	Muelle de los Bueyes	0	12.06666667	-84.53333333	120400	-843200	99	8556	14610	23166	8766	14646	23412	MaPMuelleBueyes.jpeg
150	93	RAAS	9330	Kukra - Hill	1193.23	8.011028888	5.183409737	9559	3374	6185	Kukra Hill	0	12.23333333	-83.75	121400	-834500	50	3236	6066	9302	3318	6082	9400	MaPKukraHill.jpeg
151	93	RAAS	9335	Corn Island 	9	810.6666667	0	7296	7296	0	Corn Island	0	12.16666667	-83.05	121000	-830300	4	7045	0	7045	7125	0	7125	MaPCornsIslands.jpeg
152	93	RAAS	9340	Bluefields 	4774.75	11.49023509	0.975129588	54863	50207	4656	Bluefields	0	12	-83.75	120000	-834500	20	43361	4255	47616	44030	4083	48113	MaPBluefields.jpeg
153	93	RAAS	9345	Nueva Guinea 	2677.46	28.82993583	16.58101335	77191	32796	44395	Nueva Guinea	0	11.68333333	-84.45	114100	-842700	210	31524	43591	75115	32253	43658	75911	MaPNvaGuinea.jpeg